{
  "providers": {
    "awscloudformation": {
      "AuthRoleName": "amplify-momtobe-momtobe-150506-authRole",
      "UnauthRoleArn": "arn:aws:iam::366419673945:role/amplify-momtobe-momtobe-150506-unauthRole",
      "AuthRoleArn": "arn:aws:iam::366419673945:role/amplify-momtobe-momtobe-150506-authRole",
      "Region": "us-east-1",
      "DeploymentBucketName": "amplify-momtobe-momtobe-150506-deployment",
      "UnauthRoleName": "amplify-momtobe-momtobe-150506-unauthRole",
      "StackName": "amplify-momtobe-momtobe-150506",
      "StackId": "arn:aws:cloudformation:us-east-1:366419673945:stack/amplify-momtobe-momtobe-150506/674ddef0-f15a-11ec-a70b-121241547b33",
      "AmplifyAppId": "d1pw4bat5m1om6"
    }
  },
  "api": {
    "momtobe": {
      "service": "AppSync",
      "providerPlugin": "awscloudformation",
      "dependsOn": [],
      "output": {
        "authConfig": {
          "defaultAuthentication": {
            "authenticationType": "API_KEY",
            "apiKeyConfig": {
              "apiKeyExpirationDays": 7
            }
          },
          "additionalAuthenticationProviders": []
        },
        "GraphQLAPIIdOutput": "yaouir6ba5fydnpg7adwxxx66m",
        "GraphQLAPIEndpointOutput": "https://vjlvnvk7uzejxaw3pex4y3g6b4.appsync-api.us-east-1.amazonaws.com/graphql",
        "GraphQLAPIKeyOutput": "da2-ai5kwymet5ewfh4gw2epjvooru"
      },
      "lastPushTimeStamp": "2022-06-22T10:41:35.578Z",
      "providerMetadata": {
        "s3TemplateURL": "https://s3.amazonaws.com/amplify-momtobe-momtobe-150506-deployment/amplify-cfn-templates/api/cloudformation-template.json",
        "logicalId": "apimomtobe"
      }
    }
  }
}