{
    "UserAgent": "aws-amplify-cli/2.0",
    "Version": "1.0",
    "api": {
        "plugins": {
            "awsAPIPlugin": {
                "momtobe": {
                    "endpointType": "GraphQL",
                    "endpoint": "https://vjlvnvk7uzejxaw3pex4y3g6b4.appsync-api.us-east-1.amazonaws.com/graphql",
                    "region": "us-east-1",
                    "authorizationType": "API_KEY",
                    "apiKey": "da2-ai5kwymet5ewfh4gw2epjvooru"
                }
            }
        }
    }
}